user_id,level_id,action_timestamp,action_type,dwell_time,dropout_flag
user_001,2,2026-07-10 09:00:00,enter,1.77,0
user_001,2,2026-07-10 09:00:01,click,4.06,0
user_001,2,2026-07-10 09:00:05,click,4.52,0
user_001,2,2026-07-10 09:00:10,click,4.21,0
user_001,2,2026-07-10 09:00:14,click,3.48,0
user_001,2,2026-07-10 09:00:18,click,3.08,0
user_001,3,2026-07-10 09:00:21,click,4.09,0
user_001,3,2026-07-10 09:00:25,click,2.76,0
user_001,4,2026-07-10 09:00:27,click,4.66,0
user_001,5,2026-07-10 09:00:32,click,4.57,0
user_001,5,2026-07-10 09:00:37,click,4.23,0
user_001,5,2026-07-10 09:00:41,click,6.58,0
user_001,5,2026-07-10 09:00:48,click,5.25,0
user_001,5,2026-07-10 09:00:53,click,6.63,0
user_001,5,2026-07-10 09:00:59,click,4.19,0
user_001,5,2026-07-10 09:01:04,exit,1.16,0
user_002,1,2026-07-10 09:01:37,enter,2.42,0
user_002,1,2026-07-10 09:01:39,click,2.14,0
user_002,2,2026-07-10 09:01:41,click,2.48,0
user_002,3,2026-07-10 09:01:44,click,3.36,0
user_002,4,2026-07-10 09:01:47,click,3.55,0
user_002,5,2026-07-10 09:01:51,click,5.16,0
user_002,5,2026-07-10 09:01:56,click,3.32,0
user_002,5,2026-07-10 09:01:59,exit,0.5,0
user_003,1,2026-07-10 09:02:16,enter,2.52,0
user_003,1,2026-07-10 09:02:18,click,3.86,0
user_003,2,2026-07-10 09:02:22,click,3.52,0
user_003,3,2026-07-10 09:02:26,click,2.18,0
user_003,4,2026-07-10 09:02:28,click,3.23,0
user_003,5,2026-07-10 09:02:31,click,3.93,0
user_003,5,2026-07-10 09:02:35,click,5.47,0
user_003,5,2026-07-10 09:02:40,click,4.02,0
user_003,5,2026-07-10 09:02:44,exit,1.12,0
user_004,4,2026-07-10 09:03:06,enter,5.61,0
user_004,4,2026-07-10 09:03:11,click,6.65,0
user_004,5,2026-07-10 09:03:18,click,7.34,0
user_004,5,2026-07-10 09:03:25,exit,1.68,0
user_005,2,2026-07-10 09:03:44,enter,2.94,0
user_005,2,2026-07-10 09:03:47,exit,0.93,1
user_006,1,2026-07-10 09:04:11,enter,3.39,0
user_006,1,2026-07-10 09:04:14,click,5.45,0
user_006,1,2026-07-10 09:04:20,click,4.52,0
user_006,1,2026-07-10 09:04:24,click,2.54,0
user_006,1,2026-07-10 09:04:27,click,5.5,0
user_006,1,2026-07-10 09:04:32,click,2.26,0
user_006,2,2026-07-10 09:04:34,click,3.23,0
user_006,3,2026-07-10 09:04:38,click,3.27,0
user_006,4,2026-07-10 09:04:41,click,5.66,0
user_006,4,2026-07-10 09:04:47,click,3.87,0
user_006,4,2026-07-10 09:04:50,click,4.01,0
user_006,5,2026-07-10 09:04:54,click,3.15,0
user_006,5,2026-07-10 09:04:58,exit,0.79,0
user_007,2,2026-07-10 09:05:18,enter,2.46,0
user_007,2,2026-07-10 09:05:21,click,2.6,0
user_007,2,2026-07-10 09:05:23,click,3.73,0
user_007,2,2026-07-10 09:05:27,click,1.76,0
user_007,3,2026-07-10 09:05:29,click,2.49,0
user_007,4,2026-07-10 09:05:31,click,3.94,0
user_007,4,2026-07-10 09:05:35,click,1.96,0
user_007,5,2026-07-10 09:05:37,click,3.62,0
user_007,5,2026-07-10 09:05:41,exit,1.17,0
user_008,1,2026-07-10 09:06:06,enter,3.21,0
user_008,1,2026-07-10 09:06:09,click,0.92,0
user_008,2,2026-07-10 09:06:10,click,2.05,0
user_008,3,2026-07-10 09:06:12,click,3.53,0
user_008,4,2026-07-10 09:06:16,click,2.97,0
user_008,5,2026-07-10 09:06:19,exit,0.98,1
user_009,1,2026-07-10 09:06:37,enter,3.79,0
user_009,1,2026-07-10 09:06:41,click,6.2,0
user_009,1,2026-07-10 09:06:47,click,4.29,0
user_009,1,2026-07-10 09:06:51,click,3.28,0
user_009,2,2026-07-10 09:06:54,click,3.54,0
user_009,3,2026-07-10 09:06:58,click,4.48,0
user_009,4,2026-07-10 09:07:02,click,5.4,0
user_009,5,2026-07-10 09:07:08,click,5.33,0
user_009,5,2026-07-10 09:07:13,exit,1.16,0
user_010,2,2026-07-10 09:08:04,enter,2.52,0
user_010,2,2026-07-10 09:08:07,click,2.03,0
user_010,3,2026-07-10 09:08:09,click,2.86,0
user_010,4,2026-07-10 09:08:12,exit,0.35,1
user_011,3,2026-07-10 09:08:58,enter,2.4,0
user_011,3,2026-07-10 09:09:00,click,5.03,0
user_011,3,2026-07-10 09:09:05,click,3.01,0
user_011,3,2026-07-10 09:09:08,click,4.66,0
user_011,3,2026-07-10 09:09:13,click,5.5,0
user_011,3,2026-07-10 09:09:19,click,3.87,0
user_011,3,2026-07-10 09:09:22,click,5.75,0
user_011,3,2026-07-10 09:09:28,click,2.68,0
user_011,4,2026-07-10 09:09:31,click,4.32,0
user_011,5,2026-07-10 09:09:35,exit,1.34,1
user_012,3,2026-07-10 09:10:19,enter,3.68,0
user_012,3,2026-07-10 09:10:23,click,3.05,0
user_012,4,2026-07-10 09:10:26,exit,0.77,1
user_013,3,2026-07-10 09:10:45,enter,2.41,0
user_013,3,2026-07-10 09:10:47,click,1.91,0
user_013,4,2026-07-10 09:10:49,click,2.19,0
user_013,5,2026-07-10 09:10:52,click,3.94,0
user_013,5,2026-07-10 09:10:55,click,3.35,0
user_013,5,2026-07-10 09:10:59,exit,0.86,0
user_014,4,2026-07-10 09:11:32,enter,3.6,0
user_014,4,2026-07-10 09:11:35,click,5.39,0
user_014,4,2026-07-10 09:11:41,exit,0.93,1
user_015,4,2026-07-10 09:12:18,enter,4.92,0
user_015,4,2026-07-10 09:12:23,click,9.66,0
user_015,4,2026-07-10 09:12:32,click,6.11,0
user_015,5,2026-07-10 09:12:38,click,8.87,0
user_015,5,2026-07-10 09:12:47,click,10.02,0
user_015,5,2026-07-10 09:12:57,click,9.21,0
user_015,5,2026-07-10 09:13:06,click,9.08,0
user_015,5,2026-07-10 09:13:15,click,9.74,0
user_015,5,2026-07-10 09:13:25,click,10.15,0
user_015,5,2026-07-10 09:13:35,click,11.25,0
user_015,5,2026-07-10 09:13:47,click,11.78,0
user_015,5,2026-07-10 09:13:58,click,9.85,0
user_015,5,2026-07-10 09:14:08,click,9.03,0
user_015,5,2026-07-10 09:14:17,click,10.0,0
user_015,5,2026-07-10 09:14:27,click,10.71,0
user_015,5,2026-07-10 09:14:38,click,6.75,0
user_015,5,2026-07-10 09:14:45,exit,1.59,0
user_016,4,2026-07-10 09:15:16,enter,5.79,0
user_016,4,2026-07-10 09:15:22,exit,0.6,1
user_017,4,2026-07-10 09:15:49,enter,3.79,0
user_017,4,2026-07-10 09:15:53,click,3.46,0
user_017,5,2026-07-10 09:15:56,click,3.95,0
user_017,5,2026-07-10 09:16:00,exit,1.08,0
user_018,3,2026-07-10 09:16:34,enter,3.5,0
user_018,3,2026-07-10 09:16:37,click,3.28,0
user_018,4,2026-07-10 09:16:41,click,4.74,0
user_018,5,2026-07-10 09:16:46,click,4.72,0
user_018,5,2026-07-10 09:16:50,click,4.01,0
user_018,5,2026-07-10 09:16:54,exit,1.15,0
user_019,3,2026-07-10 09:17:46,enter,3.37,0
user_019,3,2026-07-10 09:17:50,click,7.19,0
user_019,3,2026-07-10 09:17:57,click,5.06,0
user_019,3,2026-07-10 09:18:02,click,3.62,0
user_019,4,2026-07-10 09:18:06,click,3.63,0
user_019,5,2026-07-10 09:18:09,click,5.93,0
user_019,5,2026-07-10 09:18:15,click,7.11,0
user_019,5,2026-07-10 09:18:22,click,5.98,0
user_019,5,2026-07-10 09:18:28,click,5.86,0
user_019,5,2026-07-10 09:18:34,click,6.24,0
user_019,5,2026-07-10 09:18:40,exit,0.67,1
user_020,3,2026-07-10 09:19:05,enter,2.38,0
user_020,3,2026-07-10 09:19:07,click,3.02,0
user_020,4,2026-07-10 09:19:10,click,4.92,0
user_020,4,2026-07-10 09:19:15,click,3.39,0
user_020,5,2026-07-10 09:19:19,exit,0.8,1
user_021,3,2026-07-10 09:19:50,enter,2.39,0
user_021,3,2026-07-10 09:19:52,click,4.49,0
user_021,4,2026-07-10 09:19:56,click,5.99,0
user_021,4,2026-07-10 09:20:02,click,4.42,0
user_021,5,2026-07-10 09:20:07,click,4.99,0
user_021,5,2026-07-10 09:20:12,exit,1.85,0
user_022,5,2026-07-10 09:20:40,enter,3.12,0
user_022,5,2026-07-10 09:20:43,exit,0.8,1
user_023,2,2026-07-10 09:21:18,enter,1.94,0
user_023,2,2026-07-10 09:21:20,click,2.45,0
user_023,3,2026-07-10 09:21:22,click,2.18,0
user_023,4,2026-07-10 09:21:24,click,3.65,0
user_023,4,2026-07-10 09:21:28,click,4.3,0
user_023,4,2026-07-10 09:21:32,click,4.2,0
user_023,4,2026-07-10 09:21:36,click,4.69,0
user_023,4,2026-07-10 09:21:41,click,2.71,0
user_023,5,2026-07-10 09:21:44,click,2.56,0
user_023,5,2026-07-10 09:21:46,exit,0.32,0
user_024,4,2026-07-10 09:22:25,enter,2.67,0
user_024,4,2026-07-10 09:22:27,click,6.65,0
user_024,4,2026-07-10 09:22:34,click,3.6,0
user_024,5,2026-07-10 09:22:38,click,6.17,0
user_024,5,2026-07-10 09:22:44,click,7.05,0
user_024,5,2026-07-10 09:22:51,click,3.97,0
user_024,5,2026-07-10 09:22:55,exit,1.47,0
user_025,1,2026-07-10 09:23:20,enter,2.82,0
user_025,1,2026-07-10 09:23:23,click,3.02,0
user_025,1,2026-07-10 09:23:26,click,2.36,0
user_025,2,2026-07-10 09:23:28,click,3.22,0
user_025,3,2026-07-10 09:23:32,click,3.7,0
user_025,4,2026-07-10 09:23:35,click,4.36,0
user_025,5,2026-07-10 09:23:40,click,4.17,0
user_025,5,2026-07-10 09:23:44,exit,0.91,0
user_026,4,2026-07-10 09:24:43,enter,2.68,0
user_026,4,2026-07-10 09:24:45,click,4.68,0
user_026,4,2026-07-10 09:24:50,click,4.93,0
user_026,4,2026-07-10 09:24:55,exit,0.96,1
user_027,3,2026-07-10 09:25:16,enter,1.82,0
user_027,3,2026-07-10 09:25:18,click,3.99,0
user_027,3,2026-07-10 09:25:22,click,2.01,0
user_027,4,2026-07-10 09:25:24,click,2.96,0
user_027,5,2026-07-10 09:25:27,exit,0.65,1
user_028,4,2026-07-10 09:26:14,enter,2.14,0
user_028,4,2026-07-10 09:26:17,click,3.27,0
user_028,5,2026-07-10 09:26:20,exit,0.61,1
user_029,3,2026-07-10 09:26:54,enter,5.49,0
user_029,3,2026-07-10 09:27:00,click,6.82,0
user_029,4,2026-07-10 09:27:07,click,6.59,0
user_029,5,2026-07-10 09:27:13,click,7.78,0
user_029,5,2026-07-10 09:27:21,exit,1.52,0
user_030,5,2026-07-10 09:28:18,enter,4.57,0
user_030,5,2026-07-10 09:28:22,exit,1.2,1
user_031,1,2026-07-10 09:28:54,enter,1.97,0
user_031,1,2026-07-10 09:28:56,click,2.07,0
user_031,2,2026-07-10 09:28:58,click,3.47,0
user_031,3,2026-07-10 09:29:02,click,3.69,0
user_031,3,2026-07-10 09:29:06,click,2.89,0
user_031,3,2026-07-10 09:29:08,click,4.4,0
user_031,3,2026-07-10 09:29:13,click,2.83,0
user_031,4,2026-07-10 09:29:16,click,2.82,0
user_031,5,2026-07-10 09:29:19,click,4.38,0
user_031,5,2026-07-10 09:29:23,exit,0.2,1
user_032,2,2026-07-10 09:30:17,enter,1.29,0
user_032,2,2026-07-10 09:30:18,click,2.11,0
user_032,3,2026-07-10 09:30:21,click,2.85,0
user_032,3,2026-07-10 09:30:23,click,4.42,0
user_032,3,2026-07-10 09:30:28,click,4.32,0
user_032,3,2026-07-10 09:30:32,click,3.42,0
user_032,3,2026-07-10 09:30:36,click,4.97,0
user_032,3,2026-07-10 09:30:40,click,4.89,0
user_032,3,2026-07-10 09:30:45,click,2.82,0
user_032,4,2026-07-10 09:30:48,click,4.95,0
user_032,4,2026-07-10 09:30:53,exit,0.28,1
user_033,4,2026-07-10 09:31:08,enter,3.38,0
user_033,4,2026-07-10 09:31:12,click,3.65,0
user_033,4,2026-07-10 09:31:15,click,3.82,0
user_033,5,2026-07-10 09:31:19,click,3.97,0
user_033,5,2026-07-10 09:31:23,exit,0.96,0
user_034,5,2026-07-10 09:31:58,enter,3.81,0
user_034,5,2026-07-10 09:32:02,click,4.55,0
user_034,5,2026-07-10 09:32:07,exit,0.84,0
user_035,2,2026-07-10 09:32:57,enter,2.75,0
user_035,2,2026-07-10 09:33:00,click,4.16,0
user_035,3,2026-07-10 09:33:04,click,7.47,0
user_035,3,2026-07-10 09:33:12,click,3.33,0
user_035,4,2026-07-10 09:33:15,click,4.72,0
user_035,5,2026-07-10 09:33:20,click,6.91,0
user_035,5,2026-07-10 09:33:27,click,7.95,0
user_035,5,2026-07-10 09:33:35,click,6.31,0
user_035,5,2026-07-10 09:33:41,click,5.99,0
user_035,5,2026-07-10 09:33:47,click,7.21,0
user_035,5,2026-07-10 09:33:54,click,5.72,0
user_035,5,2026-07-10 09:34:00,exit,1.12,1
user_036,4,2026-07-10 09:34:56,enter,3.62,0
user_036,4,2026-07-10 09:35:00,click,4.2,0
user_036,5,2026-07-10 09:35:04,click,4.23,0
user_036,5,2026-07-10 09:35:08,exit,0.79,0
user_037,3,2026-07-10 09:35:33,enter,2.98,0
user_037,3,2026-07-10 09:35:36,exit,0.93,1
user_038,4,2026-07-10 09:35:52,enter,4.2,0
user_038,4,2026-07-10 09:35:56,click,7.3,0
user_038,4,2026-07-10 09:36:03,click,6.43,0
user_038,4,2026-07-10 09:36:10,click,6.72,0
user_038,4,2026-07-10 09:36:16,click,4.52,0
user_038,5,2026-07-10 09:36:21,click,6.33,0
user_038,5,2026-07-10 09:36:27,click,5.38,0
user_038,5,2026-07-10 09:36:33,click,6.68,0
user_038,5,2026-07-10 09:36:39,exit,0.86,1
user_039,2,2026-07-10 09:37:22,enter,3.62,0
user_039,2,2026-07-10 09:37:26,click,4.58,0
user_039,3,2026-07-10 09:37:30,click,5.14,0
user_039,4,2026-07-10 09:37:36,click,7.33,0
user_039,4,2026-07-10 09:37:43,click,7.78,0
user_039,4,2026-07-10 09:37:51,click,3.77,0
user_039,5,2026-07-10 09:37:54,click,5.83,0
user_039,5,2026-07-10 09:38:00,exit,0.66,0
user_040,1,2026-07-10 09:38:49,enter,4.98,0
user_040,1,2026-07-10 09:38:54,exit,1.04,1
user_041,3,2026-07-10 09:39:13,enter,2.86,0
user_041,3,2026-07-10 09:39:16,click,3.33,0
user_041,4,2026-07-10 09:39:19,click,2.18,0
user_041,5,2026-07-10 09:39:21,click,5.47,0
user_041,5,2026-07-10 09:39:27,click,5.56,0
user_041,5,2026-07-10 09:39:32,click,5.91,0
user_041,5,2026-07-10 09:39:38,click,5.65,0
user_041,5,2026-07-10 09:39:44,click,6.05,0
user_041,5,2026-07-10 09:39:50,click,6.13,0
user_041,5,2026-07-10 09:39:56,click,3.36,0
user_041,5,2026-07-10 09:39:59,exit,0.63,0
user_042,4,2026-07-10 09:40:44,enter,2.97,0
user_042,4,2026-07-10 09:40:47,exit,0.27,1
user_043,2,2026-07-10 09:41:02,enter,3.16,0
user_043,2,2026-07-10 09:41:05,click,3.47,0
user_043,3,2026-07-10 09:41:09,click,5.12,0
user_043,3,2026-07-10 09:41:14,click,3.5,0
user_043,4,2026-07-10 09:41:18,exit,1.26,1
user_044,5,2026-07-10 09:41:37,enter,2.63,0
user_044,5,2026-07-10 09:41:39,click,3.46,0
user_044,5,2026-07-10 09:41:43,exit,1.2,0
user_045,2,2026-07-10 09:42:03,enter,2.73,0
user_045,2,2026-07-10 09:42:06,click,2.59,0
user_045,2,2026-07-10 09:42:08,click,2.14,0
user_045,3,2026-07-10 09:42:11,click,2.66,0
user_045,4,2026-07-10 09:42:13,click,2.82,0
user_045,5,2026-07-10 09:42:16,click,3.99,0
user_045,5,2026-07-10 09:42:20,click,3.74,0
user_045,5,2026-07-10 09:42:24,exit,0.48,0
user_046,2,2026-07-10 09:43:01,enter,4.76,0
user_046,2,2026-07-10 09:43:06,click,3.82,0
user_046,3,2026-07-10 09:43:10,click,5.96,0
user_046,3,2026-07-10 09:43:16,exit,1.32,1
user_047,4,2026-07-10 09:43:51,enter,4.43,0
user_047,4,2026-07-10 09:43:56,click,5.59,0
user_047,4,2026-07-10 09:44:01,exit,0.94,1
user_048,5,2026-07-10 09:44:20,enter,4.95,0
user_048,5,2026-07-10 09:44:25,click,8.87,0
user_048,5,2026-07-10 09:44:34,click,7.8,0
user_048,5,2026-07-10 09:44:42,click,7.5,0
user_048,5,2026-07-10 09:44:49,exit,1.65,1
user_049,2,2026-07-10 09:45:24,enter,2.89,0
user_049,2,2026-07-10 09:45:27,click,2.21,0
user_049,2,2026-07-10 09:45:29,click,4.07,0
user_049,2,2026-07-10 09:45:33,click,3.18,0
user_049,3,2026-07-10 09:45:36,click,2.71,0
user_049,4,2026-07-10 09:45:39,click,5.0,0
user_049,4,2026-07-10 09:45:44,click,5.26,0
user_049,4,2026-07-10 09:45:49,click,3.42,0
user_049,5,2026-07-10 09:45:53,click,4.84,0
user_049,5,2026-07-10 09:45:57,exit,0.83,0
user_050,4,2026-07-10 09:46:29,enter,3.08,0
user_050,4,2026-07-10 09:46:32,click,3.27,0
user_050,5,2026-07-10 09:46:36,exit,1.03,1
user_001,5,2026-07-10 09:47:01,enter,3.06,0
user_001,5,2026-07-10 09:47:04,click,4.89,0
user_001,5,2026-07-10 09:47:09,click,5.89,0
user_001,5,2026-07-10 09:47:14,click,5.07,0
user_001,5,2026-07-10 09:47:20,click,5.5,0
user_001,5,2026-07-10 09:47:25,exit,0.28,1
user_002,1,2026-07-10 09:48:03,enter,3.05,0
user_002,1,2026-07-10 09:48:06,click,4.88,0
user_002,1,2026-07-10 09:48:11,click,4.49,0
user_002,1,2026-07-10 09:48:16,click,2.27,0
user_002,2,2026-07-10 09:48:18,click,3.65,0
user_002,2,2026-07-10 09:48:22,click,3.63,0
user_002,3,2026-07-10 09:48:25,click,2.46,0
user_002,4,2026-07-10 09:48:28,click,4.7,0
user_002,4,2026-07-10 09:48:32,click,3.19,0
user_002,5,2026-07-10 09:48:36,click,4.55,0
user_002,5,2026-07-10 09:48:40,click,4.99,0
user_002,5,2026-07-10 09:48:45,click,3.68,0
user_002,5,2026-07-10 09:48:49,exit,1.14,0
user_003,1,2026-07-10 09:49:11,enter,2.28,0
user_003,1,2026-07-10 09:49:13,click,3.87,0
user_003,1,2026-07-10 09:49:17,click,4.48,0
user_003,1,2026-07-10 09:49:22,click,4.81,0
user_003,1,2026-07-10 09:49:26,click,3.12,0
user_003,1,2026-07-10 09:49:30,click,1.85,0
user_003,2,2026-07-10 09:49:31,click,2.98,0
user_003,3,2026-07-10 09:49:34,click,2.44,0
user_003,3,2026-07-10 09:49:37,click,3.41,0
user_003,4,2026-07-10 09:49:40,click,4.97,0
user_003,5,2026-07-10 09:49:45,click,4.06,0
user_003,5,2026-07-10 09:49:49,exit,0.6,0
user_004,3,2026-07-10 09:50:40,enter,5.93,0
user_004,3,2026-07-10 09:50:46,click,8.36,0
user_004,3,2026-07-10 09:50:54,click,9.25,0
user_004,3,2026-07-10 09:51:03,click,8.76,0
user_004,3,2026-07-10 09:51:12,click,5.57,0
user_004,4,2026-07-10 09:51:18,click,5.63,0
user_004,5,2026-07-10 09:51:23,click,6.31,0
user_004,5,2026-07-10 09:51:30,exit,1.53,0
user_005,3,2026-07-10 09:52:27,enter,3.01,0
user_005,3,2026-07-10 09:52:30,exit,0.9,1
user_006,1,2026-07-10 09:52:56,enter,2.15,0
user_006,1,2026-07-10 09:52:58,click,2.09,0
user_006,2,2026-07-10 09:53:00,click,3.29,0
user_006,3,2026-07-10 09:53:04,click,2.83,0
user_006,4,2026-07-10 09:53:06,click,5.8,0
user_006,4,2026-07-10 09:53:12,click,5.73,0
user_006,4,2026-07-10 09:53:18,click,4.48,0
user_006,4,2026-07-10 09:53:22,click,3.26,0
user_006,5,2026-07-10 09:53:26,click,5.23,0
user_006,5,2026-07-10 09:53:31,click,3.88,0
user_006,5,2026-07-10 09:53:35,exit,1.1,0
user_007,5,2026-07-10 09:54:05,enter,0.99,0
user_007,5,2026-07-10 09:54:06,click,5.48,0
user_007,5,2026-07-10 09:54:11,click,3.29,0
user_007,5,2026-07-10 09:54:15,exit,0.64,0
user_008,3,2026-07-10 09:55:01,enter,2.32,0
user_008,3,2026-07-10 09:55:04,click,3.4,0
user_008,4,2026-07-10 09:55:07,click,4.46,0
user_008,4,2026-07-10 09:55:12,click,3.04,0
user_008,5,2026-07-10 09:55:15,click,4.65,0
user_008,5,2026-07-10 09:55:19,click,4.31,0
user_008,5,2026-07-10 09:55:24,click,3.87,0
user_008,5,2026-07-10 09:55:27,exit,0.86,0
user_009,1,2026-07-10 09:55:58,enter,2.94,0
user_009,1,2026-07-10 09:56:01,click,4.13,0
user_009,2,2026-07-10 09:56:05,click,3.45,0
user_009,3,2026-07-10 09:56:09,click,4.64,0
user_009,4,2026-07-10 09:56:13,click,4.68,0
user_009,5,2026-07-10 09:56:18,click,5.66,0
user_009,5,2026-07-10 09:56:24,exit,0.79,0
user_010,4,2026-07-10 09:56:59,enter,3.1,0
user_010,4,2026-07-10 09:57:02,click,5.4,0
user_010,4,2026-07-10 09:57:07,click,5.29,0
user_010,4,2026-07-10 09:57:12,click,4.91,0
user_010,4,2026-07-10 09:57:17,click,2.88,0
user_010,5,2026-07-10 09:57:20,click,3.48,0
user_010,5,2026-07-10 09:57:24,exit,1.19,0
user_011,4,2026-07-10 09:57:58,enter,3.23,0
user_011,4,2026-07-10 09:58:01,exit,0.75,1
user_012,1,2026-07-10 09:58:35,enter,3.85,0
user_012,1,2026-07-10 09:58:39,click,4.89,0
user_012,1,2026-07-10 09:58:44,click,1.94,0
user_012,2,2026-07-10 09:58:45,click,4.55,0
user_012,2,2026-07-10 09:58:50,exit,1.14,1
user_013,2,2026-07-10 09:59:27,enter,3.11,0
user_013,2,2026-07-10 09:59:30,click,2.3,0
user_013,3,2026-07-10 09:59:33,click,3.18,0
user_013,3,2026-07-10 09:59:36,click,2.62,0
user_013,4,2026-07-10 09:59:38,click,3.99,0
user_013,4,2026-07-10 09:59:42,click,3.27,0
user_013,5,2026-07-10 09:59:46,click,3.7,0
user_013,5,2026-07-10 09:59:49,exit,0.39,0
user_014,5,2026-07-10 10:00:23,enter,2.84,0
user_014,5,2026-07-10 10:00:26,click,5.21,0
user_014,5,2026-07-10 10:00:31,exit,1.23,0
user_015,2,2026-07-10 10:00:48,enter,4.53,0
user_015,2,2026-07-10 10:00:53,exit,1.54,1
user_016,2,2026-07-10 10:01:30,enter,3.77,0
user_016,2,2026-07-10 10:01:34,click,3.87,0
user_016,3,2026-07-10 10:01:38,click,6.38,0
user_016,3,2026-07-10 10:01:44,click,7.23,0
user_016,3,2026-07-10 10:01:51,click,6.38,0
user_016,3,2026-07-10 10:01:58,click,6.79,0
user_016,3,2026-07-10 10:02:05,click,4.08,0
user_016,4,2026-07-10 10:02:09,click,7.59,0
user_016,4,2026-07-10 10:02:16,click,4.74,0
user_016,5,2026-07-10 10:02:21,click,7.64,0
user_016,5,2026-07-10 10:02:29,click,6.82,0
user_016,5,2026-07-10 10:02:35,click,6.8,0
user_016,5,2026-07-10 10:02:42,click,5.72,0
user_016,5,2026-07-10 10:02:48,click,4.86,0
user_016,5,2026-07-10 10:02:53,exit,1.47,0
user_017,1,2026-07-10 10:03:30,enter,2.56,0
user_017,1,2026-07-10 10:03:33,click,2.91,0
user_017,2,2026-07-10 10:03:36,click,2.64,0
user_017,3,2026-07-10 10:03:38,click,3.88,0
user_017,4,2026-07-10 10:03:42,click,4.21,0
user_017,5,2026-07-10 10:03:46,click,5.96,0
user_017,5,2026-07-10 10:03:52,click,3.77,0
user_017,5,2026-07-10 10:03:56,exit,0.89,0
user_018,3,2026-07-10 10:04:47,enter,3.38,0
user_018,3,2026-07-10 10:04:50,click,3.22,0
user_018,4,2026-07-10 10:04:54,click,4.84,0
user_018,4,2026-07-10 10:04:59,click,6.15,0
user_018,4,2026-07-10 10:05:05,click,4.7,0
user_018,4,2026-07-10 10:05:09,click,5.38,0
user_018,4,2026-07-10 10:05:15,click,4.34,0
user_018,4,2026-07-10 10:05:19,click,3.84,0
user_018,5,2026-07-10 10:05:23,click,3.96,0
user_018,5,2026-07-10 10:05:27,exit,0.89,0
user_019,2,2026-07-10 10:05:49,enter,2.8,0
user_019,2,2026-07-10 10:05:52,click,4.24,0
user_019,3,2026-07-10 10:05:56,click,3.48,0
user_019,4,2026-07-10 10:05:59,click,3.54,0
user_019,5,2026-07-10 10:06:03,click,5.4,0
user_019,5,2026-07-10 10:06:08,click,7.21,0
user_019,5,2026-07-10 10:06:15,click,4.43,0
user_019,5,2026-07-10 10:06:20,exit,1.18,0
user_020,2,2026-07-10 10:06:49,enter,2.39,0
user_020,2,2026-07-10 10:06:51,click,2.11,0
user_020,3,2026-07-10 10:06:54,exit,0.93,1
user_021,5,2026-07-10 10:07:28,enter,3.54,0
user_021,5,2026-07-10 10:07:32,click,4.47,0
user_021,5,2026-07-10 10:07:36,exit,0.64,0
user_022,3,2026-07-10 10:08:31,enter,2.37,0
user_022,3,2026-07-10 10:08:33,click,3.69,0
user_022,3,2026-07-10 10:08:37,click,4.37,0
user_022,4,2026-07-10 10:08:42,click,3.94,0
user_022,5,2026-07-10 10:08:45,click,5.19,0
user_022,5,2026-07-10 10:08:51,click,6.11,0
user_022,5,2026-07-10 10:08:57,click,5.81,0
user_022,5,2026-07-10 10:09:03,exit,1.2,0
user_023,2,2026-07-10 10:09:28,enter,1.78,0
user_023,2,2026-07-10 10:09:30,click,2.1,0
user_023,2,2026-07-10 10:09:32,click,2.11,0
user_023,3,2026-07-10 10:09:34,click,3.08,0
user_023,4,2026-07-10 10:09:37,click,4.22,0
user_023,4,2026-07-10 10:09:41,click,4.19,0
user_023,4,2026-07-10 10:09:45,click,3.51,0
user_023,5,2026-07-10 10:09:49,click,3.14,0
user_023,5,2026-07-10 10:09:52,exit,0.71,0
user_024,5,2026-07-10 10:10:35,enter,2.45,0
user_024,5,2026-07-10 10:10:37,click,6.54,0
user_024,5,2026-07-10 10:10:44,click,6.43,0
user_024,5,2026-07-10 10:10:50,click,4.26,0
user_024,5,2026-07-10 10:10:54,exit,0.98,0
user_025,1,2026-07-10 10:11:35,enter,3.3,0
user_025,1,2026-07-10 10:11:39,exit,0.63,1
user_026,3,2026-07-10 10:11:55,enter,4.03,0
user_026,3,2026-07-10 10:11:59,click,3.03,0
user_026,4,2026-07-10 10:12:02,click,3.79,0
user_026,5,2026-07-10 10:12:06,click,4.65,0
user_026,5,2026-07-10 10:12:11,click,5.6,0
user_026,5,2026-07-10 10:12:16,click,4.33,0
user_026,5,2026-07-10 10:12:21,click,4.56,0
user_026,5,2026-07-10 10:12:25,exit,1.12,0
user_027,2,2026-07-10 10:12:53,enter,1.81,0
user_027,2,2026-07-10 10:12:55,click,3.12,0
user_027,3,2026-07-10 10:12:58,click,2.79,0
user_027,3,2026-07-10 10:13:01,click,2.83,0
user_027,4,2026-07-10 10:13:04,exit,0.53,1
user_028,1,2026-07-10 10:13:55,enter,2.43,0
user_028,1,2026-07-10 10:13:58,click,2.33,0
user_028,2,2026-07-10 10:14:00,click,3.41,0
user_028,3,2026-07-10 10:14:04,click,3.0,0
user_028,3,2026-07-10 10:14:07,click,3.11,0
user_028,4,2026-07-10 10:14:10,click,3.48,0
user_028,5,2026-07-10 10:14:13,exit,0.68,1
user_029,3,2026-07-10 10:14:51,enter,5.16,0
user_029,3,2026-07-10 10:14:56,exit,1.07,1
user_030,4,2026-07-10 10:15:18,enter,4.48,0
user_030,4,2026-07-10 10:15:23,click,4.3,0
user_030,5,2026-07-10 10:15:27,click,6.49,0
user_030,5,2026-07-10 10:15:33,exit,1.63,0
user_031,5,2026-07-10 10:16:11,enter,3.02,0
user_031,5,2026-07-10 10:16:14,click,4.99,0
user_031,5,2026-07-10 10:16:19,click,3.09,0
user_031,5,2026-07-10 10:16:22,exit,0.61,0
user_032,3,2026-07-10 10:16:57,enter,1.96,0
user_032,3,2026-07-10 10:16:59,click,3.11,0
user_032,4,2026-07-10 10:17:02,click,4.63,0
user_032,4,2026-07-10 10:17:06,click,3.77,0
user_032,4,2026-07-10 10:17:10,click,2.77,0
user_032,4,2026-07-10 10:17:13,click,2.15,0
user_032,5,2026-07-10 10:17:15,click,2.98,0
user_032,5,2026-07-10 10:17:18,exit,0.59,0
user_033,4,2026-07-10 10:18:17,enter,3.29,0
user_033,4,2026-07-10 10:18:20,exit,0.67,1
user_034,3,2026-07-10 10:19:03,enter,3.7,0
user_034,3,2026-07-10 10:19:06,exit,0.82,1
user_035,2,2026-07-10 10:19:34,enter,3.8,0
user_035,2,2026-07-10 10:19:38,click,4.09,0
user_035,3,2026-07-10 10:19:42,exit,1.48,1
user_036,4,2026-07-10 10:20:16,enter,4.22,0
user_036,4,2026-07-10 10:20:21,click,7.11,0
user_036,4,2026-07-10 10:20:28,click,5.16,0
user_036,4,2026-07-10 10:20:33,click,4.42,0
user_036,5,2026-07-10 10:20:37,click,6.36,0
user_036,5,2026-07-10 10:20:44,click,3.37,0
user_036,5,2026-07-10 10:20:47,exit,1.46,0
user_037,4,2026-07-10 10:21:39,enter,3.94,0
user_037,4,2026-07-10 10:21:43,click,6.24,0
user_037,4,2026-07-10 10:21:49,click,4.53,0
user_037,5,2026-07-10 10:21:53,click,4.4,0
user_037,5,2026-07-10 10:21:58,exit,1.14,0
user_038,2,2026-07-10 10:22:20,enter,2.45,0
user_038,2,2026-07-10 10:22:22,click,3.07,0
user_038,3,2026-07-10 10:22:25,click,5.08,0
user_038,4,2026-07-10 10:22:30,click,5.28,0
user_038,5,2026-07-10 10:22:36,click,6.38,0
user_038,5,2026-07-10 10:22:42,click,6.95,0
user_038,5,2026-07-10 10:22:49,click,6.82,0
user_038,5,2026-07-10 10:22:56,exit,1.4,1
user_039,2,2026-07-10 10:23:26,enter,3.98,0
user_039,2,2026-07-10 10:23:30,click,3.31,0
user_039,3,2026-07-10 10:23:34,click,5.13,0
user_039,4,2026-07-10 10:23:39,click,6.68,0
user_039,4,2026-07-10 10:23:45,click,4.29,0
user_039,5,2026-07-10 10:23:50,click,5.74,0
user_039,5,2026-07-10 10:23:55,exit,1.42,0
user_040,5,2026-07-10 10:24:25,enter,4.87,0
user_040,5,2026-07-10 10:24:30,click,7.36,0
user_040,5,2026-07-10 10:24:37,exit,1.55,1
user_041,4,2026-07-10 10:25:25,enter,3.21,0
user_041,4,2026-07-10 10:25:28,click,4.56,0
user_041,4,2026-07-10 10:25:32,click,4.01,0
user_041,5,2026-07-10 10:25:36,click,4.43,0
user_041,5,2026-07-10 10:25:41,click,3.13,0
user_041,5,2026-07-10 10:25:44,exit,0.6,0
user_042,4,2026-07-10 10:26:25,enter,2.65,0
user_042,4,2026-07-10 10:26:27,click,3.34,0
user_042,5,2026-07-10 10:26:31,click,3.88,0
user_042,5,2026-07-10 10:26:34,exit,0.68,0
user_043,3,2026-07-10 10:26:50,enter,3.28,0
user_043,3,2026-07-10 10:26:53,click,3.7,0
user_043,4,2026-07-10 10:26:57,click,6.62,0
user_043,4,2026-07-10 10:27:04,click,3.08,0
user_043,5,2026-07-10 10:27:07,click,6.51,0
user_043,5,2026-07-10 10:27:13,click,5.93,0
user_043,5,2026-07-10 10:27:19,click,5.59,0
user_043,5,2026-07-10 10:27:25,click,5.62,0
user_043,5,2026-07-10 10:27:30,click,5.55,0
user_043,5,2026-07-10 10:27:36,click,5.72,0
user_043,5,2026-07-10 10:27:42,click,5.98,0
user_043,5,2026-07-10 10:27:48,exit,1.78,1
user_044,5,2026-07-10 10:28:29,enter,2.48,0
user_044,5,2026-07-10 10:28:32,click,4.45,0
user_044,5,2026-07-10 10:28:36,exit,1.01,0
user_045,3,2026-07-10 10:29:08,enter,1.78,0
user_045,3,2026-07-10 10:29:10,click,3.35,0
user_045,3,2026-07-10 10:29:13,exit,0.78,1
user_046,1,2026-07-10 10:29:35,enter,3.06,0
user_046,1,2026-07-10 10:29:38,exit,1.02,1
user_047,3,2026-07-10 10:29:59,enter,2.7,0
user_047,3,2026-07-10 10:30:02,exit,0.64,1
user_048,4,2026-07-10 10:30:39,enter,5.98,0
user_048,4,2026-07-10 10:30:45,exit,1.3,1
user_049,2,2026-07-10 10:31:20,enter,2.79,0
user_049,2,2026-07-10 10:31:23,click,2.34,0
user_049,3,2026-07-10 10:31:25,click,3.53,0
user_049,4,2026-07-10 10:31:29,click,3.55,0
user_049,5,2026-07-10 10:31:32,click,3.54,0
user_049,5,2026-07-10 10:31:36,click,4.71,0
user_049,5,2026-07-10 10:31:40,click,3.24,0
user_049,5,2026-07-10 10:31:44,exit,1.09,0
user_050,1,2026-07-10 10:32:32,enter,2.31,0
user_050,1,2026-07-10 10:32:34,click,4.39,0
user_050,2,2026-07-10 10:32:38,click,3.56,0
user_050,3,2026-07-10 10:32:42,exit,1.05,1
user_001,2,2026-07-10 10:33:18,enter,1.89,0
user_001,2,2026-07-10 10:33:20,click,4.2,0
user_001,2,2026-07-10 10:33:24,click,3.01,0
user_001,3,2026-07-10 10:33:27,click,3.56,0
user_001,4,2026-07-10 10:33:31,click,5.44,0
user_001,4,2026-07-10 10:33:36,click,3.72,0
user_001,5,2026-07-10 10:33:40,click,4.73,0
user_001,5,2026-07-10 10:33:45,click,5.57,0
user_001,5,2026-07-10 10:33:50,click,6.96,0
user_001,5,2026-07-10 10:33:57,click,5.07,0
user_001,5,2026-07-10 10:34:02,click,5.11,0
user_001,5,2026-07-10 10:34:07,exit,0.64,1
user_002,3,2026-07-10 10:34:25,enter,2.19,0
user_002,3,2026-07-10 10:34:27,click,3.47,0
user_002,4,2026-07-10 10:34:31,click,3.42,0
user_002,5,2026-07-10 10:34:34,click,3.46,0
user_002,5,2026-07-10 10:34:37,exit,0.57,0
user_003,2,2026-07-10 10:35:14,enter,2.22,0
user_003,2,2026-07-10 10:35:16,click,3.5,0
user_003,3,2026-07-10 10:35:20,click,3.57,0
user_003,4,2026-07-10 10:35:23,click,5.41,0
user_003,4,2026-07-10 10:35:29,click,2.78,0
user_003,5,2026-07-10 10:35:32,click,4.28,0
user_003,5,2026-07-10 10:35:36,exit,1.06,0
user_004,4,2026-07-10 10:36:21,enter,5.8,0
user_004,4,2026-07-10 10:36:27,click,5.2,0
user_004,5,2026-07-10 10:36:32,click,5.88,0
user_004,5,2026-07-10 10:36:38,exit,1.95,0
user_005,4,2026-07-10 10:37:16,enter,3.1,0
user_005,4,2026-07-10 10:37:19,click,4.0,0
user_005,5,2026-07-10 10:37:23,click,3.14,0
user_005,5,2026-07-10 10:37:26,exit,0.66,0
user_006,3,2026-07-10 10:37:44,enter,2.32,0
user_006,3,2026-07-10 10:37:46,click,5.09,0
user_006,3,2026-07-10 10:37:51,exit,1.32,1
user_007,1,2026-07-10 10:38:22,enter,0.79,0
user_007,1,2026-07-10 10:38:23,click,2.56,0
user_007,2,2026-07-10 10:38:26,click,3.9,0
user_007,2,2026-07-10 10:38:30,click,2.75,0
user_007,2,2026-07-10 10:38:32,click,0.97,0
user_007,3,2026-07-10 10:38:33,exit,0.47,1
user_008,5,2026-07-10 10:39:05,enter,2.61,0
user_008,5,2026-07-10 10:39:07,click,3.01,0
user_008,5,2026-07-10 10:39:10,exit,0.91,0
user_009,4,2026-07-10 10:40:09,enter,2.83,0
user_009,4,2026-07-10 10:40:12,click,3.92,0
user_009,5,2026-07-10 10:40:16,click,5.65,0
user_009,5,2026-07-10 10:40:22,exit,1.33,0
user_010,3,2026-07-10 10:40:57,enter,2.42,0
user_010,3,2026-07-10 10:40:59,exit,1.01,1
user_011,5,2026-07-10 10:41:22,enter,3.08,0
user_011,5,2026-07-10 10:41:26,exit,0.94,1
user_012,2,2026-07-10 10:41:43,enter,2.14,0
user_012,2,2026-07-10 10:41:46,click,1.98,0
user_012,3,2026-07-10 10:41:48,click,4.52,0
user_012,3,2026-07-10 10:41:52,click,5.15,0
user_012,3,2026-07-10 10:41:57,click,5.1,0
user_012,3,2026-07-10 10:42:02,click,3.73,0
user_012,4,2026-07-10 10:42:06,click,5.33,0
user_012,4,2026-07-10 10:42:11,click,4.13,0
user_012,5,2026-07-10 10:42:16,click,5.28,0
user_012,5,2026-07-10 10:42:21,click,4.01,0
user_012,5,2026-07-10 10:42:25,exit,0.81,0
user_013,5,2026-07-10 10:42:52,enter,2.14,0
user_013,5,2026-07-10 10:42:54,click,5.03,0
user_013,5,2026-07-10 10:42:59,exit,1.28,1
user_014,3,2026-07-10 10:43:18,enter,2.55,0
user_014,3,2026-07-10 10:43:21,click,3.33,0
user_014,3,2026-07-10 10:43:24,click,2.77,0
user_014,4,2026-07-10 10:43:27,click,3.36,0
user_014,5,2026-07-10 10:43:30,click,5.16,0
user_014,5,2026-07-10 10:43:35,exit,1.17,0
user_015,1,2026-07-10 10:43:53,enter,3.21,0
user_015,1,2026-07-10 10:43:57,click,4.77,0
user_015,2,2026-07-10 10:44:01,click,5.6,0
user_015,3,2026-07-10 10:44:07,click,7.35,0
user_015,3,2026-07-10 10:44:14,click,8.84,0
user_015,3,2026-07-10 10:44:23,click,7.75,0
user_015,3,2026-07-10 10:44:31,click,6.86,0
user_015,4,2026-07-10 10:44:38,click,7.63,0
user_015,5,2026-07-10 10:44:45,click,9.29,0
user_015,5,2026-07-10 10:44:55,click,7.92,0
user_015,5,2026-07-10 10:45:03,exit,1.86,0
user_016,4,2026-07-10 10:45:26,enter,4.69,0
user_016,4,2026-07-10 10:45:30,click,7.03,0
user_016,4,2026-07-10 10:45:37,click,5.43,0
user_016,4,2026-07-10 10:45:43,exit,1.68,1
user_017,5,2026-07-10 10:46:11,enter,3.1,0
user_017,5,2026-07-10 10:46:14,click,3.94,0
user_017,5,2026-07-10 10:46:18,exit,0.61,0
user_018,4,2026-07-10 10:46:52,enter,2.47,0
user_018,4,2026-07-10 10:46:54,click,4.29,0
user_018,5,2026-07-10 10:46:59,click,5.52,0
user_018,5,2026-07-10 10:47:04,click,5.63,0
user_018,5,2026-07-10 10:47:10,click,4.24,0
user_018,5,2026-07-10 10:47:14,exit,0.96,0
user_019,4,2026-07-10 10:47:34,enter,2.76,0
user_019,4,2026-07-10 10:47:37,click,5.78,0
user_019,4,2026-07-10 10:47:43,click,3.63,0
user_019,5,2026-07-10 10:47:46,click,5.27,0
user_019,5,2026-07-10 10:47:52,click,5.72,0
user_019,5,2026-07-10 10:47:57,click,4.21,0
user_019,5,2026-07-10 10:48:01,exit,0.8,0
user_020,5,2026-07-10 10:48:22,enter,3.42,0
user_020,5,2026-07-10 10:48:26,exit,0.73,1
user_021,5,2026-07-10 10:49:08,enter,4.14,0
user_021,5,2026-07-10 10:49:13,click,5.77,0
user_021,5,2026-07-10 10:49:18,click,3.7,0
user_021,5,2026-07-10 10:49:22,exit,1.02,0
user_022,5,2026-07-10 10:50:21,enter,2.79,0
user_022,5,2026-07-10 10:50:24,exit,0.59,1
user_023,1,2026-07-10 10:51:18,enter,1.31,0
user_023,1,2026-07-10 10:51:20,click,2.23,0
user_023,1,2026-07-10 10:51:22,click,3.05,0
user_023,2,2026-07-10 10:51:25,click,3.49,0
user_023,2,2026-07-10 10:51:29,click,3.73,0
user_023,2,2026-07-10 10:51:32,click,2.3,0
user_023,3,2026-07-10 10:51:35,click,1.69,0
user_023,4,2026-07-10 10:51:36,click,3.2,0
user_023,4,2026-07-10 10:51:39,click,3.49,0
user_023,4,2026-07-10 10:51:43,click,4.24,0
user_023,4,2026-07-10 10:51:47,click,3.01,0
user_023,5,2026-07-10 10:51:50,click,3.77,0
user_023,5,2026-07-10 10:51:54,click,4.28,0
user_023,5,2026-07-10 10:51:58,click,2.95,0
user_023,5,2026-07-10 10:52:01,exit,1.08,0
user_024,2,2026-07-10 10:52:35,enter,3.3,0
user_024,2,2026-07-10 10:52:39,click,4.33,0
user_024,2,2026-07-10 10:52:43,click,2.65,0
user_024,3,2026-07-10 10:52:46,exit,0.76,1
user_025,3,2026-07-10 10:53:43,enter,2.68,0
user_025,3,2026-07-10 10:53:46,click,3.19,0
user_025,4,2026-07-10 10:53:49,exit,1.18,1
user_026,3,2026-07-10 10:54:17,enter,2.17,0
user_026,3,2026-07-10 10:54:20,click,2.98,0
user_026,4,2026-07-10 10:54:23,click,3.77,0
user_026,5,2026-07-10 10:54:26,click,5.93,0
user_026,5,2026-07-10 10:54:32,click,6.5,0
user_026,5,2026-07-10 10:54:39,click,3.82,0
user_026,5,2026-07-10 10:54:43,exit,0.85,0
user_027,4,2026-07-10 10:55:38,enter,1.49,0
user_027,4,2026-07-10 10:55:40,exit,0.89,1
